-3.14159, -9, 0.356522
-3.14159, -8.54082, 0.471076
-3.14159, -8.08163, 0.545866
-3.14159, -7.62245, 0.550975
-3.14159, -7.16327, 0.547373
-3.14159, -6.70408, 0.539234
-3.14159, -6.2449, 0.525762
-3.14159, -5.78571, 0.506249
-3.14159, -5.32653, 0.479824
-3.14159, -4.86735, 0.445064
-3.14159, -4.40816, 0.399828
-3.14159, -3.94898, 0.339265
-3.14159, -3.4898, 0.225497
-3.14159, -3.03061, 0.000162028
-3.14159, -2.57143, -0.165571
-3.14159, -2.11224, -0.257046
-3.14159, -1.65306, -0.324836
-3.14159, -1.19388, -0.382386
-3.14159, -0.734694, -0.436533
-3.14159, -0.27551, -0.488516
-3.14159, 0.183673, -0.4983
-3.14159, 0.642857, -0.447189
-3.14159, 1.10204, -0.393345
-3.14159, 1.56122, -0.336896
-3.14159, 2.02041, -0.27187
-3.14159, 2.47959, -0.187212
-3.14159, 2.93878, -0.0426461
-3.14159, 3.39796, 0.187088
-3.14159, 3.85714, 0.323627
-3.14159, 4.31633, 0.389235
-3.14159, 4.77551, 0.43694
-3.14159, 5.23469, 0.473597
-3.14159, 5.69388, 0.501551
-3.14159, 6.15306, 0.522367
-3.14159, 6.61224, 0.536987
-3.14159, 7.07143, 0.546139
-3.14159, 7.53061, 0.550577
-3.14159, 7.9898, 0.5497
-3.14159, 8.44898, 0.493291
-3.14159, 8.90816, 0.37604
-2.98451, -9, 0.349158
-2.98451, -8.54082, 0.461882
-2.98451, -8.08163, 0.518418
-2.98451, -7.62245, 0.519222
-2.98451, -7.16327, 0.514854
-2.98451, -6.70408, 0.506195
-2.98451, -6.2449, 0.492487
-2.98451, -5.78571, 0.47312
-2.98451, -5.32653, 0.447406
-2.98451, -4.86735, 0.414249
-2.98451, -4.40816, 0.372192
-2.98451, -3.94898, 0.318891
-2.98451, -3.4898, 0.242692
-2.98451, -3.03061, 0.0901736
-2.98451, -2.57143, -0.106504
-2.98451, -2.11224, -0.23263
-2.98451, -1.65306, -0.311608
-2.98451, -1.19388, -0.372462
-2.98451, -0.734694, -0.42362
-2.98451, -0.27551, -0.467461
-2.98451, 0.183673, -0.50318
-2.98451, 0.642857, -0.445791
-2.98451, 1.10204, -0.381073
-2.98451, 1.56122, -0.323585
-2.98451, 2.02041, -0.264719
-2.98451, 2.47959, -0.191488
-2.98451, 2.93878, -0.0827841
-2.98451, 3.39796, 0.13948
-2.98451, 3.85714, 0.342734
-2.98451, 4.31633, 0.421661
-2.98451, 4.77551, 0.472125
-2.98451, 5.23469, 0.509684
-2.98451, 5.69388, 0.537692
-2.98451, 6.15306, 0.558075
-2.98451, 6.61224, 0.57196
-2.98451, 7.07143, 0.580193
-2.98451, 7.53061, 0.58354
-2.98451, 7.9898, 0.576625
-2.98451, 8.44898, 0.495421
-2.98451, 8.90816, 0.377387
-2.82743, -9, 0.337242
-2.82743, -8.54082, 0.445198
-2.82743, -8.08163, 0.489902
-2.82743, -7.62245, 0.488968
-2.82743, -7.16327, 0.484168
-2.82743, -6.70408, 0.475367
-2.82743, -6.2449, 0.461901
-2.82743, -5.78571, 0.443221
-2.82743, -5.32653, 0.418822
-2.82743, -4.86735, 0.387902
-2.82743, -4.40816, 0.349531
-2.82743, -3.94898, 0.302565
-2.82743, -3.4898, 0.244183
-2.82743, -3.03061, 0.15734
-2.82743, -2.57143, 0.0104164
-2.82743, -2.11224, -0.148834
-2.82743, -1.65306, -0.259602
-2.82743, -1.19388, -0.332297
-2.82743, -0.734694, -0.385469
-2.82743, -0.27551, -0.426174
-2.82743, 0.183673, -0.455837
-2.82743, 0.642857, -0.427077
-2.82743, 1.10204, -0.348207
-2.82743, 1.56122, -0.289047
-2.82743, 2.02041, -0.236481
-2.82743, 2.47959, -0.171918
-2.82743, 2.93878, -0.0785736
-2.82743, 3.39796, 0.112858
-2.82743, 3.85714, 0.366145
-2.82743, 4.31633, 0.460425
-2.82743, 4.77551, 0.512128
-2.82743, 5.23469, 0.549356
-2.82743, 5.69388, 0.576468
-2.82743, 6.15306, 0.595667
-2.82743, 6.61224, 0.608223
-2.82743, 7.07143, 0.615055
-2.82743, 7.53061, 0.616954
-2.82743, 7.9898, 0.59478
-2.82743, 8.44898, 0.484663
-2.82743, 8.90816, 0.377279
-2.67035, -9, 0.320689
-2.67035, -8.54082, 0.423774
-2.67035, -8.08163, 0.462254
-2.67035, -7.62245, 0.460648
-2.67035, -7.16327, 0.455715
-2.67035, -6.70408, 0.447086
-2.67035, -6.2449, 0.434237
-2.67035, -5.78571, 0.416665
-2.67035, -5.32653, 0.394008
-2.67035, -4.86735, 0.365709
-2.67035, -4.40816, 0.331211
-2.67035, -3.94898, 0.290001
-2.67035, -3.4898, 0.241391
-2.67035, -3.03061, 0.182778
-2.67035, -2.57143, 0.10206
-2.67035, -2.11224, -0.0125348
-2.67035, -1.65306, -0.135414
-2.67035, -1.19388, -0.233297
-2.67035, -0.734694, -0.301059
-2.67035, -0.27551, -0.345805
-2.67035, 0.183673, -0.372261
-2.67035, 0.642857, -0.362482
-2.67035, 1.10204, -0.287675
-2.67035, 1.56122, -0.236218
-2.67035, 2.02041, -0.192357
-2.67035, 2.47959, -0.135668
-2.67035, 2.93878, -0.0497109
-2.67035, 3.39796, 0.124806
-2.67035, 3.85714, 0.401958
-2.67035, 4.31633, 0.505723
-2.67035, 4.77551, 0.556477
-2.67035, 5.23469, 0.591947
-2.67035, 5.69388, 0.617157
-2.67035, 6.15306, 0.634416
-2.67035, 6.61224, 0.645058
-2.67035, 7.07143, 0.650043
-2.67035, 7.53061, 0.649242
-2.67035, 7.9898, 0.594996
-2.67035, 8.44898, 0.463431
-2.67035, 8.90816, 0.379553
-2.51327, -9, 0.301061
-2.51327, -8.54082, 0.39953
-2.51327, -8.08163, 0.436404
-2.51327, -7.62245, 0.434611
-2.51327, -7.16327, 0.429799
-2.51327, -6.70408, 0.421607
-2.51327, -6.2449, 0.409635
-2.51327, -5.78571, 0.393465
-2.51327, -5.32653, 0.372818
-2.51327, -4.86735, 0.347323
-2.51327, -4.40816, 0.31668
-2.51327, -3.94898, 0.280721
-2.51327, -3.4898, 0.239381
-2.51327, -3.03061, 0.192612
-2.51327, -2.57143, 0.13944
-2.51327, -2.11224, 0.0758684
-2.51327, -1.65306, -0.000425711
-2.51327, -1.19388, -0.0801401
-2.51327, -0.734694, -0.148521
-2.51327, -0.27551, -0.197017
-2.51327, 0.183673, -0.223769
-2.51327, 0.642857, -0.229061
-2.51327, 1.10204, -0.199875
-2.51327, 1.56122, -0.170032
-2.51327, 2.02041, -0.137994
-2.51327, 2.47959, -0.0875086
-2.51327, 2.93878, -0.00415865
-2.51327, 3.39796, 0.17382
-2.51327, 3.85714, 0.457091
-2.51327, 4.31633, 0.556888
-2.51327, 4.77551, 0.604146
-2.51327, 5.23469, 0.636449
-2.51327, 5.69388, 0.658808
-2.51327, 6.15306, 0.673445
-2.51327, 6.61224, 0.681671
-2.51327, 7.07143, 0.684423
-2.51327, 7.53061, 0.671424
-2.51327, 7.9898, 0.569474
-2.51327, 8.44898, 0.440977
-2.51327, 8.90816, 0.386282
-2.35619, -9, 0.282832
-2.35619, -8.54082, 0.373457
-2.35619, -8.08163, 0.412655
-2.35619, -7.62245, 0.411135
-2.35619, -7.16327, 0.406644
-2.35619, -6.70408, 0.399102
-2.35619, -6.2449, 0.388179
-2.35619, -5.78571, 0.373581
-2.35619, -5.32653, 0.355087
-2.35619, -4.86735, 0.332439
-2.35619, -4.40816, 0.305507
-2.35619, -3.94898, 0.274316
-2.35619, -3.4898, 0.239042
-2.35619, -3.03061, 0.200057
-2.35619, -2.57143, 0.157926
-2.35619, -2.11224, 0.113225
-2.35619, -1.65306, 0.0663618
-2.35619, -1.19388, 0.0186578
-2.35619, -0.734694, -0.0261117
-2.35619, -0.27551, -0.0629208
-2.35619, 0.183673, -0.0883939
-2.35619, 0.642857, -0.102441
-2.35619, 1.10204, -0.107003
-2.35619, 1.56122, -0.100902
-2.35619, 2.02041, -0.0789125
-2.35619, 2.47959, -0.0309055
-2.35619, 2.93878, 0.0554028
-2.35619, 3.39796, 0.259105
-2.35619, 3.85714, 0.529841
-2.35619, 4.31633, 0.612102
-2.35619, 4.77551, 0.653623
-2.35619, 5.23469, 0.681602
-2.35619, 5.69388, 0.700344
-2.35619, 6.15306, 0.711825
-2.35619, 6.61224, 0.717251
-2.35619, 7.07143, 0.716883
-2.35619, 7.53061, 0.665329
-2.35619, 7.9898, 0.523693
-2.35619, 8.44898, 0.427942
-2.35619, 8.90816, 0.396479
-2.19911, -9, 0.266827
-2.19911, -8.54082, 0.34632
-2.19911, -8.08163, 0.390967
-2.19911, -7.62245, 0.390388
-2.19911, -7.16327, 0.386411
-2.19911, -6.70408, 0.37967
-2.19911, -6.2449, 0.369925
-2.19911, -5.78571, 0.356966
-2.19911, -5.32653, 0.340661
-2.19911, -4.86735, 0.32081
-2.19911, -4.40816, 0.297383
-2.19911, -3.94898, 0.270508
-2.19911, -3.4898, 0.24046
-2.19911, -3.03061, 0.2077
-2.19911, -2.57143, 0.172902
-2.19911, -2.11224, 0.136966
-2.19911, -1.65306, 0.101004
-2.19911, -1.19388, 0.0663309
-2.19911, -0.734694, 0.0345041
-2.19911, -0.27551, 0.00723578
-2.19911, 0.183673, -0.014042
-2.19911, 0.642857, -0.0286948
-2.19911, 1.10204, -0.0367054
-2.19911, 1.56122, -0.0378724
-2.19911, 2.02041, -0.0181083
-2.19911, 2.47959, 0.0328155
-2.19911, 2.93878, 0.130914
-2.19911, 3.39796, 0.385467
-2.19911, 3.85714, 0.60791
-2.19911, 4.31633, 0.668527
-2.19911, 4.77551, 0.703036
-2.19911, 5.23469, 0.725945
-2.19911, 5.69388, 0.740571
-2.19911, 6.15306, 0.748555
-2.19911, 6.61224, 0.750949
-2.19911, 7.07143, 0.733641
-2.19911, 7.53061, 0.616402
-2.19911, 7.9898, 0.480986
-2.19911, 8.44898, 0.426867
-2.19911, 8.90816, 0.407766
-2.04204, -9, 0.25329
-2.04204, -8.54082, 0.318873
-2.04204, -8.08163, 0.370922
-2.04204, -7.62245, 0.372433
-2.04204, -7.16327, 0.369197
-2.04204, -6.70408, 0.36337
-2.04204, -6.2449, 0.354882
-2.04204, -5.78571, 0.343583
-2.04204, -5.32653, 0.329407
-2.04204, -4.86735, 0.312233
-2.04204, -4.40816, 0.292075
-2.04204, -3.94898, 0.269104
-2.04204, -3.4898, 0.243629
-2.04204, -3.03061, 0.216117
-2.04204, -2.57143, 0.187199
-2.04204, -2.11224, 0.157679
-2.04204, -1.65306, 0.12851
-2.04204, -1.19388, 0.100764
-2.04204, -0.734694, 0.0755701
-2.04204, -0.27551, 0.0540099
-2.04204, 0.183673, 0.0369874
-2.04204, 0.642857, 0.025105
-2.04204, 1.10204, 0.0186742
-2.04204, 1.56122, 0.0194671
-2.04204, 2.02041, 0.0449381
-2.04204, 2.47959, 0.104895
-2.04204, 2.93878, 0.234255
-2.04204, 3.39796, 0.540739
-2.04204, 3.85714, 0.679687
-2.04204, 4.31633, 0.723356
-2.04204, 4.77551, 0.750519
-2.04204, 5.23469, 0.768056
-2.04204, 5.69388, 0.778354
-2.04204, 6.15306, 0.782714
-2.04204, 6.61224, 0.77921
-2.04204, 7.07143, 0.70197
-2.04204, 7.53061, 0.544907
-2.04204, 7.9898, 0.460146
-2.04204, 8.44898, 0.432306
-2.04204, 8.90816, 0.418379
-1.88496, -9, 0.242395
-1.88496, -8.54082, 0.292091
-1.88496, -8.08163, 0.351951
-1.88496, -7.62245, 0.357369
-1.88496, -7.16327, 0.354988
-1.88496, -6.70408, 0.350199
-1.88496, -6.2449, 0.342999
-1.88496, -5.78571, 0.333347
-1.88496, -5.32653, 0.321208
-1.88496, -4.86735, 0.306549
-1.88496, -4.40816, 0.28942
-1.88496, -3.94898, 0.26999
-1.88496, -3.4898, 0.248569
-1.88496, -3.03061, 0.225598
-1.88496, -2.57143, 0.201652
-1.88496, -2.11224, 0.177432
-1.88496, -1.65306, 0.153734
-1.88496, -1.19388, 0.13142
-1.88496, -0.734694, 0.111378
-1.88496, -0.27551, 0.094458
-1.88496, 0.183673, 0.0813935
-1.88496, 0.642857, 0.0727266
-1.88496, 1.10204, 0.0688307
-1.88496, 1.56122, 0.0766411
-1.88496, 2.02041, 0.113001
-1.88496, 2.47959, 0.190352
-1.88496, 2.93878, 0.398209
-1.88496, 3.39796, 0.674753
-1.88496, 3.85714, 0.742673
-1.88496, 4.31633, 0.774362
-1.88496, 4.77551, 0.794471
-1.88496, 5.23469, 0.806714
-1.88496, 5.69388, 0.812748
-1.88496, 6.15306, 0.813366
-1.88496, 6.61224, 0.77041
-1.88496, 7.07143, 0.614369
-1.88496, 7.53061, 0.496301
-1.88496, 7.9898, 0.456493
-1.88496, 8.44898, 0.438977
-1.88496, 8.90816, 0.427434
-1.72788, -9, 0.234257
-1.72788, -8.54082, 0.267378
-1.72788, -8.08163, 0.333667
-1.72788, -7.62245, 0.345314
-1.72788, -7.16327, 0.343745
-1.72788, -6.70408, 0.340088
-1.72788, -6.2449, 0.334206
-1.72788, -5.78571, 0.326151
-1.72788, -5.32653, 0.315936
-1.72788, -4.86735, 0.303604
-1.72788, -4.40816, 0.289254
-1.72788, -3.94898, 0.273048
-1.72788, -3.4898, 0.255264
-1.72788, -3.03061, 0.236305
-1.72788, -2.57143, 0.216688
-1.72788, -2.11224, 0.197027
-1.72788, -1.65306, 0.178007
-1.72788, -1.19388, 0.160343
-1.72788, -0.734694, 0.144764
-1.72788, -0.27551, 0.131989
-1.72788, 0.183673, 0.122662
-1.72788, 0.642857, 0.117289
-1.72788, 1.10204, 0.117555
-1.72788, 1.56122, 0.138233
-1.72788, 2.02041, 0.190645
-1.72788, 2.47959, 0.308262
-1.72788, 2.93878, 0.620809
-1.72788, 3.39796, 0.760303
-1.72788, 3.85714, 0.797721
-1.72788, 4.31633, 0.819996
-1.72788, 4.77551, 0.833709
-1.72788, 5.23469, 0.841028
-1.72788, 5.69388, 0.843063
-1.72788, 6.15306, 0.821681
-1.72788, 6.61224, 0.682062
-1.72788, 7.07143, 0.534187
-1.72788, 7.53061, 0.479771
-1.72788, 7.9898, 0.458221
-1.72788, 8.44898, 0.444678
-1.72788, 8.90816, 0.434555
-1.5708, -9, 0.228925
-1.5708, -8.54082, 0.247161
-1.5708, -8.08163, 0.316183
-1.5708, -7.62245, 0.336382
-1.5708, -7.16327, 0.335486
-1.5708, -6.70408, 0.332928
-1.5708, -6.2449, 0.328413
-1.5708, -5.78571, 0.321922
-1.5708, -5.32653, 0.31351
-1.5708, -4.86735, 0.303305
-1.5708, -4.40816, 0.291463
-1.5708, -3.94898, 0.278158
-1.5708, -3.4898, 0.263644
-1.5708, -3.03061, 0.248271
-1.5708, -2.57143, 0.232495
-1.5708, -2.11224, 0.21686
-1.5708, -1.65306, 0.201963
-1.5708, -1.19388, 0.188412
-1.5708, -0.734694, 0.176844
-1.5708, -0.27551, 0.167903
-1.5708, 0.183673, 0.16219
-1.5708, 0.642857, 0.1603
-1.5708, 1.10204, 0.171835
-1.5708, 1.56122, 0.208652
-1.5708, 2.02041, 0.287436
-1.5708, 2.47959, 0.5251
-1.5708, 2.93878, 0.772518
-1.5708, 3.39796, 0.820733
-1.5708, 3.85714, 0.844722
-1.5708, 4.31633, 0.859359
-1.5708, 4.77551, 0.867522
-1.5708, 5.23469, 0.87047
-1.5708, 5.69388, 0.860404
-1.5708, 6.15306, 0.742385
-1.5708, 6.61224, 0.571532
-1.5708, 7.07143, 0.501398
-1.5708, 7.53061, 0.475609
-1.5708, 7.9898, 0.460094
-1.5708, 8.44898, 0.44865
-1.5708, 8.90816, 0.439569
-1.41372, -9, 0.226386
-1.41372, -8.54082, 0.234345
-1.41372, -8.08163, 0.300239
-1.41372, -7.62245, 0.330156
-1.41372, -7.16327, 0.330256
-1.41372, -6.70408, 0.32866
-1.41372, -6.2449, 0.325481
-1.41372, -5.78571, 0.320558
-1.41372, -5.32653, 0.313867
-1.41372, -4.86735, 0.305619
-1.41372, -4.40816, 0.296047
-1.41372, -3.94898, 0.28534
-1.41372, -3.4898, 0.273743
-1.41372, -3.03061, 0.261579
-1.41372, -2.57143, 0.249251
-1.41372, -2.11224, 0.237237
-1.41372, -1.65306, 0.226056
-1.41372, -1.19388, 0.216231
-1.41372, -0.734694, 0.208375
-1.41372, -0.27551, 0.203093
-1.41372, 0.183673, 0.200961
-1.41372, 0.642857, 0.208249
-1.41372, 1.10204, 0.23545
-1.41372, 1.56122, 0.294877
-1.41372, 2.02041, 0.450328
-1.41372, 2.47959, 0.771833
-1.41372, 2.93878, 0.843424
-1.41372, 3.39796, 0.868616
-1.41372, 3.85714, 0.883591
-1.41372, 4.31633, 0.892132
-1.41372, 4.77551, 0.895653
-1.41372, 5.23469, 0.891066
-1.41372, 5.69388, 0.792826
-1.41372, 6.15306, 0.605585
-1.41372, 6.61224, 0.520492
-1.41372, 7.07143, 0.490646
-1.41372, 7.53061, 0.473277
-1.41372, 7.9898, 0.460624
-1.41372, 8.44898, 0.450619
-1.41372, 8.90816, 0.442291
-1.25664, -9, 0.22656
-1.25664, -8.54082, 0.229409
-1.25664, -8.08163, 0.286997
-1.25664, -7.62245, 0.325817
-1.25664, -7.16327, 0.328099
-1.25664, -6.70408, 0.327261
-1.25664, -6.2449, 0.325293
-1.25664, -5.78571, 0.321886
-1.25664, -5.32653, 0.316887
-1.25664, -4.86735, 0.310489
-1.25664, -4.40816, 0.302997
-1.25664, -3.94898, 0.294636
-1.25664, -3.4898, 0.285661
-1.25664, -3.03061, 0.276379
-1.25664, -2.57143, 0.26716
-1.25664, -2.11224, 0.258435
-1.25664, -1.65306, 0.250632
-1.25664, -1.19388, 0.244287
-1.25664, -0.734694, 0.239974
-1.25664, -0.27551, 0.238297
-1.25664, 0.183673, 0.244368
-1.25664, 0.642857, 0.266115
-1.25664, 1.10204, 0.313827
-1.25664, 1.56122, 0.421714
-1.25664, 2.02041, 0.755056
-1.25664, 2.47959, 0.865748
-1.25664, 2.93878, 0.891536
-1.25664, 3.39796, 0.90623
-1.25664, 3.85714, 0.91468
-1.25664, 4.31633, 0.918452
-1.25664, 4.77551, 0.916464
-1.25664, 5.23469, 0.833208
-1.25664, 5.69388, 0.633815
-1.25664, 6.15306, 0.536186
-1.25664, 6.61224, 0.502886
-1.25664, 7.07143, 0.483872
-1.25664, 7.53061, 0.470158
-1.25664, 7.9898, 0.45935
-1.25664, 8.44898, 0.450553
-1.25664, 8.90816, 0.441693
-1.09956, -9, 0.229301
-1.09956, -8.54082, 0.230334
-1.09956, -8.08163, 0.277692
-1.09956, -7.62245, 0.32331
-1.09956, -7.16327, 0.329038
-1.09956, -6.70408, 0.328696
-1.09956, -6.2449, 0.327741
-1.09956, -5.78571, 0.325704
-1.09956, -5.32653, 0.322358
-1.09956, -4.86735, 0.317756
-1.09956, -4.40816, 0.312216
-1.09956, -3.94898, 0.306018
-1.09956, -3.4898, 0.29944
-1.09956, -3.03061, 0.292781
-1.09956, -2.57143, 0.286396
-1.09956, -2.11224, 0.280675
-1.09956, -1.65306, 0.27604
-1.09956, -1.19388, 0.273014
-1.09956, -0.734694, 0.272406
-1.09956, -0.27551, 0.278736
-1.09956, 0.183673, 0.297771
-1.09956, 0.642857, 0.338232
-1.09956, 1.10204, 0.423065
-1.09956, 1.56122, 0.729016
-1.09956, 2.02041, 0.887663
-1.09956, 2.47959, 0.91325
-1.09956, 2.93878, 0.927038
-1.09956, 3.39796, 0.934957
-1.09956, 3.85714, 0.93867
-1.09956, 4.31633, 0.937915
-1.09956, 4.77551, 0.864503
-1.09956, 5.23469, 0.654415
-1.09956, 5.69388, 0.547796
-1.09956, 6.15306, 0.511961
-1.09956, 6.61224, 0.491578
-1.09956, 7.07143, 0.476982
-1.09956, 7.53061, 0.465526
-1.09956, 7.9898, 0.456207
-1.09956, 8.44898, 0.448277
-1.09956, 8.90816, 0.434802
-0.942478, -9, 0.234404
-0.942478, -8.54082, 0.23506
-0.942478, -8.08163, 0.273289
-0.942478, -7.62245, 0.32318
-0.942478, -7.16327, 0.332931
-0.942478, -6.70408, 0.332941
-0.942478, -6.2449, 0.332692
-0.942478, -5.78571, 0.331858
-0.942478, -5.32653, 0.330047
-0.942478, -4.86735, 0.327181
-0.942478, -4.40816, 0.323525
-0.942478, -3.94898, 0.319376
-0.942478, -3.4898, 0.315027
-0.942478, -3.03061, 0.310798
-0.942478, -2.57143, 0.30704
-0.942478, -2.11224, 0.304135
-0.942478, -1.65306, 0.30253
-0.942478, -1.19388, 0.303673
-0.942478, -0.734694, 0.310949
-0.942478, -0.27551, 0.328809
-0.942478, 0.183673, 0.364938
-0.942478, 0.642857, 0.437569
-0.942478, 1.10204, 0.703864
-0.942478, 1.56122, 0.909149
-0.942478, 2.02041, 0.933439
-0.942478, 2.47959, 0.945746
-0.942478, 2.93878, 0.952738
-0.942478, 3.39796, 0.956121
-0.942478, 3.85714, 0.95593
-0.942478, 4.31633, 0.887666
-0.942478, 4.77551, 0.666388
-0.942478, 5.23469, 0.554966
-0.942478, 5.69388, 0.517602
-0.942478, 6.15306, 0.496157
-0.942478, 6.61224, 0.480881
-0.942478, 7.07143, 0.46895
-0.942478, 7.53061, 0.459258
-0.942478, 7.9898, 0.451175
-0.942478, 8.44898, 0.442771
-0.942478, 8.90816, 0.418288
-0.785398, -9, 0.241609
-0.785398, -8.54082, 0.242414
-0.785398, -8.08163, 0.274221
-0.785398, -7.62245, 0.326117
-0.785398, -7.16327, 0.339394
-0.785398, -6.70408, 0.339928
-0.785398, -6.2449, 0.340221
-0.785398, -5.78571, 0.340219
-0.785398, -5.32653, 0.33974
-0.785398, -4.86735, 0.338511
-0.785398, -4.40816, 0.336672
-0.785398, -3.94898, 0.334488
-0.785398, -3.4898, 0.332264
-0.785398, -3.03061, 0.33033
-0.785398, -2.57143, 0.32906
-0.785398, -2.11224, 0.329218
-0.785398, -1.65306, 0.332407
-0.785398, -1.19388, 0.340884
-0.785398, -0.734694, 0.358476
-0.785398, -0.27551, 0.392081
-0.785398, 0.183673, 0.45752
-0.785398, 0.642857, 0.684471
-0.785398, 1.10204, 0.929918
-0.785398, 1.56122, 0.951702
-0.785398, 2.02041, 0.962086
-0.785398, 2.47959, 0.967844
-0.785398, 2.93878, 0.970666
-0.785398, 3.39796, 0.97067
-0.785398, 3.85714, 0.903353
-0.785398, 4.31633, 0.669441
-0.785398, 4.77551, 0.557648
-0.785398, 5.23469, 0.519639
-0.785398, 5.69388, 0.497469
-0.785398, 6.15306, 0.481749
-0.785398, 6.61224, 0.469548
-0.785398, 7.07143, 0.459674
-0.785398, 7.53061, 0.451435
-0.785398, 7.9898, 0.44423
-0.785398, 8.44898, 0.431603
-0.785398, 8.90816, 0.393001
-0.628319, -9, 0.250606
-0.628319, -8.54082, 0.251862
-0.628319, -8.08163, 0.280337
-0.628319, -7.62245, 0.332606
-0.628319, -7.16327, 0.348078
-0.628319, -6.70408, 0.349277
-0.628319, -6.2449, 0.350246
-0.628319, -5.78571, 0.351036
-0.628319, -5.32653, 0.35151
-0.628319, -4.86735, 0.351602
-0.628319, -4.40816, 0.35141
-0.628319, -3.94898, 0.351116
-0.628319, -3.4898, 0.35102
-0.628319, -3.03061, 0.351645
-0.628319, -2.57143, 0.353811
-0.628319, -2.11224, 0.358782
-0.628319, -1.65306, 0.368499
-0.628319, -1.19388, 0.38632
-0.628319, -0.734694, 0.418551
-0.628319, -0.27551, 0.479919
-0.628319, 0.183673, 0.664659
-0.628319, 0.642857, 0.949147
-0.628319, 1.10204, 0.967568
-0.628319, 1.56122, 0.975754
-0.628319, 2.02041, 0.98012
-0.628319, 2.47959, 0.982246
-0.628319, 2.93878, 0.982218
-0.628319, 3.39796, 0.911877
-0.628319, 3.85714, 0.664008
-0.628319, 4.31633, 0.556092
-0.628319, 4.77551, 0.518166
-0.628319, 5.23469, 0.495672
-0.628319, 5.69388, 0.479785
-0.628319, 6.15306, 0.46753
-0.628319, 6.61224, 0.45764
-0.628319, 7.07143, 0.449344
-0.628319, 7.53061, 0.442167
-0.628319, 7.9898, 0.434912
-0.628319, 8.44898, 0.412608
-0.628319, 8.90816, 0.365118
-0.471239, -9, 0.261122
-0.471239, -8.54082, 0.262919
-0.471239, -8.08163, 0.291232
-0.471239, -7.62245, 0.342755
-0.471239, -7.16327, 0.358669
-0.471239, -6.70408, 0.360566
-0.471239, -6.2449, 0.362322
-0.471239, -5.78571, 0.364026
-0.471239, -5.32653, 0.365557
-0.471239, -4.86735, 0.366944
-0.471239, -4.40816, 0.368359
-0.471239, -3.94898, 0.370052
-0.471239, -3.4898, 0.372471
-0.471239, -3.03061, 0.376341
-0.471239, -2.57143, 0.382836
-0.471239, -2.11224, 0.393724
-0.471239, -1.65306, 0.412022
-0.471239, -1.19388, 0.443624
-0.471239, -0.734694, 0.502813
-0.471239, -0.27551, 0.681258
-0.471239, 0.183673, 0.965834
-0.471239, 0.642857, 0.980576
-0.471239, 1.10204, 0.986481
-0.471239, 1.56122, 0.989423
-0.471239, 2.02041, 0.990813
-0.471239, 2.47959, 0.990648
-0.471239, 2.93878, 0.913424
-0.471239, 3.39796, 0.651372
-0.471239, 3.85714, 0.550774
-0.471239, 4.31633, 0.513312
-0.471239, 4.77551, 0.490716
-0.471239, 5.23469, 0.474848
-0.471239, 5.69388, 0.462753
-0.471239, 6.15306, 0.453083
-0.471239, 6.61224, 0.444952
-0.471239, 7.07143, 0.437844
-0.471239, 7.53061, 0.431499
-0.471239, 7.9898, 0.421863
-0.471239, 8.44898, 0.38681
-0.471239, 8.90816, 0.342047
-0.314159, -9, 0.272755
-0.314159, -8.54082, 0.275275
-0.314159, -8.08163, 0.306589
-0.314159, -7.62245, 0.356076
-0.314159, -7.16327, 0.370715
-0.314159, -6.70408, 0.37332
-0.314159, -6.2449, 0.375961
-0.314159, -5.78571, 0.378656
-0.314159, -5.32653, 0.381343
-0.314159, -4.86735, 0.38417
-0.314159, -4.40816, 0.387361
-0.314159, -3.94898, 0.391298
-0.314159, -3.4898, 0.396618
-0.314159, -3.03061, 0.40441
-0.314159, -2.57143, 0.416353
-0.314159, -2.11224, 0.435235
-0.314159, -1.65306, 0.466736
-0.314159, -1.19388, 0.525465
-0.314159, -0.734694, 0.73007
-0.314159, -0.27551, 0.979262
-0.314159, 0.183673, 0.990403
-0.314159, 0.642857, 0.994097
-0.314159, 1.10204, 0.995718
-0.314159, 1.56122, 0.996412
-0.314159, 2.02041, 0.995989
-0.314159, 2.47959, 0.90839
-0.314159, 2.93878, 0.633458
-0.314159, 3.39796, 0.541953
-0.314159, 3.85714, 0.505037
-0.314159, 4.31633, 0.482536
-0.314159, 4.77551, 0.46689
-0.314159, 5.23469, 0.455152
-0.314159, 5.69388, 0.44589
-0.314159, 6.15306, 0.438126
-0.314159, 6.61224, 0.431328
-0.314159, 7.07143, 0.425248
-0.314159, 7.53061, 0.419495
-0.314159, 7.9898, 0.40405
-0.314159, 8.44898, 0.358186
-0.314159, 8.90816, 0.325538
-0.15708, -9, 0.285174
-0.15708, -8.54082, 0.288854
-0.15708, -8.08163, 0.32604
-0.15708, -7.62245, 0.371666
-0.15708, -7.16327, 0.383725
-0.15708, -6.70408, 0.387104
-0.15708, -6.2449, 0.390691
-0.15708, -5.78571, 0.394423
-0.15708, -5.32653, 0.39839
-0.15708, -4.86735, 0.402805
-0.15708, -4.40816, 0.408
-0.15708, -3.94898, 0.414535
-0.15708, -3.4898, 0.423431
-0.15708, -3.03061, 0.436297
-0.15708, -2.57143, 0.455776
-0.15708, -2.11224, 0.487487
-0.15708, -1.65306, 0.54707
-0.15708, -1.19388, 0.769794
-0.15708, -0.734694, 0.98878
-0.15708, -0.27551, 0.996784
-0.15708, 0.183673, 0.998549
-0.15708, 0.642857, 0.999106
-0.15708, 1.10204, 0.999277
-0.15708, 1.56122, 0.998165
-0.15708, 2.02041, 0.896917
-0.15708, 2.47959, 0.61226
-0.15708, 2.93878, 0.529779
-0.15708, 3.39796, 0.493434
-0.15708, 3.85714, 0.471207
-0.15708, 4.31633, 0.455972
-0.15708, 4.77551, 0.444784
-0.15708, 5.23469, 0.436116
-0.15708, 5.69388, 0.428916
-0.15708, 6.15306, 0.422645
-0.15708, 6.61224, 0.417023
-0.15708, 7.07143, 0.411834
-0.15708, 7.53061, 0.406191
-0.15708, 7.9898, 0.38243
-0.15708, 8.44898, 0.331362
-0.15708, 8.90816, 0.311949
2.77556e-16, -9, 0.298054
2.77556e-16, -8.54082, 0.304297
2.77556e-16, -8.08163, 0.348826
2.77556e-16, -7.62245, 0.388158
2.77556e-16, -7.16327, 0.397237
2.77556e-16, -6.70408, 0.401479
2.77556e-16, -6.2449, 0.406015
2.77556e-16, -5.78571, 0.410873
2.77556e-16, -5.32653, 0.41626
2.77556e-16, -4.86735, 0.422466
2.77556e-16, -4.40816, 0.429991
2.77556e-16, -3.94898, 0.439817
2.77556e-16, -3.4898, 0.453461
2.77556e-16, -3.03061, 0.473481
2.77556e-16, -2.57143, 0.505567
2.77556e-16, -2.11224, 0.567419
2.77556e-16, -1.65306, 0.803954
2.77556e-16, -1.19388, 0.994372
2.77556e-16, -0.734694, 0.999618
2.77556e-16, -0.27551, 0.999983
2.77556e-16, 0.183673, 0.999988
2.77556e-16, 0.642857, 0.999789
2.77556e-16, 1.10204, 0.996826
2.77556e-16, 1.56122, 0.879802
2.77556e-16, 2.02041, 0.589641
2.77556e-16, 2.47959, 0.514468
2.77556e-16, 2.93878, 0.478654
2.77556e-16, 3.39796, 0.456837
2.77556e-16, 3.85714, 0.442183
2.77556e-16, 4.31633, 0.43173
2.77556e-16, 4.77551, 0.423843
2.77556e-16, 5.23469, 0.417424
2.77556e-16, 5.69388, 0.411901
2.77556e-16, 6.15306, 0.406955
2.77556e-16, 6.61224, 0.402366
2.77556e-16, 7.07143, 0.398063
2.77556e-16, 7.53061, 0.391601
2.77556e-16, 7.9898, 0.3594
2.77556e-16, 8.44898, 0.309149
2.77556e-16, 8.90816, 0.298765
0.15708, -9, 0.311052
0.15708, -8.54082, 0.323416
0.15708, -8.08163, 0.373381
0.15708, -7.62245, 0.403985
0.15708, -7.16327, 0.410841
0.15708, -6.70408, 0.415956
0.15708, -6.2449, 0.421476
0.15708, -5.78571, 0.427599
0.15708, -5.32653, 0.434582
0.15708, -4.86735, 0.442889
0.15708, -4.40816, 0.453469
0.15708, -3.94898, 0.46773
0.15708, -3.4898, 0.488189
0.15708, -3.03061, 0.520704
0.15708, -2.57143, 0.586497
0.15708, -2.11224, 0.831673
0.15708, -1.65306, 0.996112
0.15708, -1.19388, 0.999281
0.15708, -0.734694, 0.999163
0.15708, -0.27551, 0.998711
0.15708, 0.183673, 0.997341
0.15708, 0.642857, 0.991731
0.15708, 1.10204, 0.858833
0.15708, 1.56122, 0.56681
0.15708, 2.02041, 0.496276
0.15708, 2.47959, 0.460869
0.15708, 2.93878, 0.439544
0.15708, 3.39796, 0.425626
0.15708, 3.85714, 0.416081
0.15708, 4.31633, 0.409175
0.15708, 4.77551, 0.403768
0.15708, 5.23469, 0.399229
0.15708, 5.69388, 0.395191
0.15708, 6.15306, 0.391427
0.15708, 6.61224, 0.387805
0.15708, 7.07143, 0.384412
0.15708, 7.53061, 0.376362
0.15708, 7.9898, 0.337409
0.15708, 8.44898, 0.291441
0.15708, 8.90816, 0.285728
0.314159, -9, 0.323976
0.314159, -8.54082, 0.347907
0.314159, -8.08163, 0.397246
0.314159, -7.62245, 0.418048
0.314159, -7.16327, 0.424096
0.314159, -6.70408, 0.430062
0.314159, -6.2449, 0.436699
0.314159, -5.78571, 0.444241
0.314159, -5.32653, 0.453137
0.314159, -4.86735, 0.464286
0.314159, -4.40816, 0.478989
0.314159, -3.94898, 0.499743
0.314159, -3.4898, 0.532652
0.314159, -3.03061, 0.603903
0.314159, -2.57143, 0.851837
0.314159, -2.11224, 0.994223
0.314159, -1.65306, 0.996471
0.314159, -1.19388, 0.995915
0.314159, -0.734694, 0.994528
0.314159, -0.27551, 0.991433
0.314159, 0.183673, 0.982897
0.314159, 0.642857, 0.837601
0.314159, 1.10204, 0.544027
0.314159, 1.56122, 0.475502
0.314159, 2.02041, 0.440258
0.314159, 2.47959, 0.41945
0.314159, 2.93878, 0.406401
0.314159, 3.39796, 0.397934
0.314159, 3.85714, 0.392224
0.314159, 4.31633, 0.388073
0.314159, 4.77551, 0.38477
0.314159, 5.23469, 0.381891
0.314159, 5.69388, 0.379192
0.314159, 6.15306, 0.376501
0.314159, 6.61224, 0.373838
0.314159, 7.07143, 0.371303
0.314159, 7.53061, 0.361705
0.314159, 7.9898, 0.318259
0.314159, 8.44898, 0.276712
0.314159, 8.90816, 0.273151
0.471239, -9, 0.338034
0.471239, -8.54082, 0.37643
0.471239, -8.08163, 0.417597
0.471239, -7.62245, 0.43024
0.471239, -7.16327, 0.436525
0.471239, -6.70408, 0.443458
0.471239, -6.2449, 0.451356
0.471239, -5.78571, 0.460657
0.471239, -5.32653, 0.472183
0.471239, -4.86735, 0.487137
0.471239, -4.40816, 0.508001
0.471239, -3.94898, 0.5412
0.471239, -3.4898, 0.618638
0.471239, -3.03061, 0.863809
0.471239, -2.57143, 0.988992
0.471239, -2.11224, 0.990944
0.471239, -1.65306, 0.989805
0.471239, -1.19388, 0.987235
0.471239, -0.734694, 0.982144
0.471239, -0.27551, 0.970282
0.471239, 0.183673, 0.826254
0.471239, 0.642857, 0.521157
0.471239, 1.10204, 0.452494
0.471239, 1.56122, 0.417006
0.471239, 2.02041, 0.396659
0.471239, 2.47959, 0.38459
0.471239, 2.93878, 0.377384
0.471239, 3.39796, 0.373099
0.471239, 3.85714, 0.370459
0.471239, 4.31633, 0.368665
0.471239, 4.77551, 0.367218
0.471239, 5.23469, 0.365842
0.471239, 5.69388, 0.364349
0.471239, 6.15306, 0.362672
0.471239, 6.61224, 0.360915
0.471239, 7.07143, 0.359162
0.471239, 7.53061, 0.348863
0.471239, 7.9898, 0.30304
0.471239, 8.44898, 0.263889
0.471239, 8.90816, 0.261377
0.628319, -9, 0.357192
0.628319, -8.54082, 0.404289
0.628319, -8.08163, 0.432591
0.628319, -7.62245, 0.440834
0.628319, -7.16327, 0.44783
0.628319, -6.70408, 0.455873
0.628319, -6.2449, 0.465392
0.628319, -5.78571, 0.477098
0.628319, -5.32653, 0.492101
0.628319, -4.86735, 0.512878
0.628319, -4.40816, 0.546224
0.628319, -3.94898, 0.629278
0.628319, -3.4898, 0.867502
0.628319, -3.03061, 0.98054
0.628319, -2.57143, 0.982447
0.628319, -2.11224, 0.980702
0.628319, -1.65306, 0.976854
0.628319, -1.19388, 0.969677
0.628319, -0.734694, 0.954509
0.628319, -0.27551, 0.807257
0.628319, 0.183673, 0.498905
0.628319, 0.642857, 0.42772
0.628319, 1.10204, 0.391327
0.628319, 1.56122, 0.37127
0.628319, 2.02041, 0.360265
0.628319, 2.47959, 0.354531
0.628319, 2.93878, 0.351922
0.628319, 3.39796, 0.351066
0.628319, 3.85714, 0.351068
0.628319, 4.31633, 0.351352
0.628319, 4.77551, 0.351582
0.628319, 5.23469, 0.351558
0.628319, 5.69388, 0.351162
0.628319, 6.15306, 0.350422
0.628319, 6.61224, 0.349479
0.628319, 7.07143, 0.348432
0.628319, 7.53061, 0.33871
0.628319, 7.9898, 0.292358
0.628319, 8.44898, 0.252728
0.628319, 8.90816, 0.250745
0.785398, -9, 0.383079
0.785398, -8.54082, 0.426346
0.785398, -8.08163, 0.4427
0.785398, -7.62245, 0.449936
0.785398, -7.16327, 0.457914
0.785398, -6.70408, 0.467412
0.785398, -6.2449, 0.47908
0.785398, -5.78571, 0.493943
0.785398, -5.32653, 0.514427
0.785398, -4.86735, 0.547582
0.785398, -4.40816, 0.634135
0.785398, -3.94898, 0.862549
0.785398, -3.4898, 0.968814
0.785398, -3.03061, 0.97093
0.785398, -2.57143, 0.968618
0.785398, -2.11224, 0.963524
0.785398, -1.65306, 0.954323
0.785398, -1.19388, 0.936133
0.785398, -0.734694, 0.792461
0.785398, -0.27551, 0.478087
0.785398, 0.183673, 0.401786
0.785398, 0.642857, 0.363607
0.785398, 1.10204, 0.343512
0.785398, 1.56122, 0.333585
0.785398, 2.02041, 0.329557
0.785398, 2.47959, 0.328925
0.785398, 2.93878, 0.330011
0.785398, 3.39796, 0.331842
0.785398, 3.85714, 0.334036
0.785398, 4.31633, 0.336254
0.785398, 4.77551, 0.338183
0.785398, 5.23469, 0.339557
0.785398, 5.69388, 0.340168
0.785398, 6.15306, 0.34025
0.785398, 6.61224, 0.340003
0.785398, 7.07143, 0.339571
0.785398, 7.53061, 0.331733
0.785398, 7.9898, 0.286596
0.785398, 8.44898, 0.243442
0.785398, 8.90816, 0.241685
0.942478, -9, 0.409805
0.942478, -8.54082, 0.440017
0.942478, -8.08163, 0.449691
0.942478, -7.62245, 0.457531
0.942478, -7.16327, 0.466855
0.942478, -6.70408, 0.478276
0.942478, -6.2449, 0.492739
0.942478, -5.78571, 0.51256
0.942478, -5.32653, 0.544921
0.942478, -4.86735, 0.631834
0.942478, -4.40816, 0.848932
0.942478, -3.94898, 0.953655
0.942478, -3.4898, 0.956422
0.942478, -3.03061, 0.953676
0.942478, -2.57143, 0.947486
0.942478, -2.11224, 0.936497
0.942478, -1.65306, 0.915935
0.942478, -1.19388, 0.791507
0.942478, -0.734694, 0.461306
0.942478, -0.27551, 0.375535
0.942478, 0.183673, 0.334234
0.942478, 0.642857, 0.313491
0.942478, 1.10204, 0.304525
0.942478, 1.56122, 0.302421
0.942478, 2.02041, 0.303695
0.942478, 2.47959, 0.306378
0.942478, 2.93878, 0.309997
0.942478, 3.39796, 0.314161
0.942478, 3.85714, 0.318513
0.942478, 4.31633, 0.322726
0.942478, 4.77551, 0.326503
0.942478, 5.23469, 0.329552
0.942478, 5.69388, 0.331583
0.942478, 6.15306, 0.33259
0.942478, 6.61224, 0.332916
0.942478, 7.07143, 0.332959
0.942478, 7.53061, 0.327838
0.942478, 7.9898, 0.285942
0.942478, 8.44898, 0.236738
0.942478, 8.90816, 0.234444
1.09956, -9, 0.429478
1.09956, -8.54082, 0.446582
1.09956, -8.08163, 0.454547
1.09956, -7.62245, 0.463512
1.09956, -7.16327, 0.474485
1.09956, -6.70408, 0.48832
1.09956, -6.2449, 0.507172
1.09956, -5.78571, 0.538085
1.09956, -5.32653, 0.621764
1.09956, -4.86735, 0.826577
1.09956, -4.40816, 0.934845
1.09956, -3.94898, 0.938971
1.09956, -3.4898, 0.936008
1.09956, -3.03061, 0.929012
1.09956, -2.57143, 0.916636
1.09956, -2.11224, 0.894548
1.09956, -1.65306, 0.796857
1.09956, -1.19388, 0.453708
1.09956, -0.734694, 0.350292
1.09956, -0.27551, 0.303756
1.09956, 0.183673, 0.281318
1.09956, 0.642857, 0.272938
1.09956, 1.10204, 0.272649
1.09956, 1.56122, 0.27529
1.09956, 2.02041, 0.279644
1.09956, 2.47959, 0.285187
1.09956, 2.93878, 0.291469
1.09956, 3.39796, 0.298104
1.09956, 3.85714, 0.304724
1.09956, 4.31633, 0.31102
1.09956, 4.77551, 0.316714
1.09956, 5.23469, 0.321528
1.09956, 5.69388, 0.325145
1.09956, 6.15306, 0.327429
1.09956, 6.61224, 0.328575
1.09956, 7.07143, 0.328986
1.09956, 7.53061, 0.326619
1.09956, 7.9898, 0.290238
1.09956, 8.44898, 0.23364
1.09956, 8.90816, 0.229317
1.25664, -9, 0.438925
1.25664, -8.54082, 0.448963
1.25664, -8.08163, 0.457448
1.25664, -7.62245, 0.467804
1.25664, -7.16327, 0.480819
1.25664, -6.70408, 0.498429
1.25664, -6.2449, 0.527168
1.25664, -5.78571, 0.604068
1.25664, -5.32653, 0.795182
1.25664, -4.86735, 0.91198
1.25664, -4.40816, 0.918711
1.25664, -3.94898, 0.91578
1.25664, -3.4898, 0.908348
1.25664, -3.03061, 0.895115
1.25664, -2.57143, 0.872389
1.25664, -2.11224, 0.801505
1.25664, -1.65306, 0.467147
1.25664, -1.19388, 0.328217
1.25664, -0.734694, 0.273112
1.25664, -0.27551, 0.247221
1.25664, 0.183673, 0.238579
1.25664, 0.642857, 0.239405
1.25664, 1.10204, 0.243243
1.25664, 1.56122, 0.249228
1.25664, 2.02041, 0.256788
1.25664, 2.47959, 0.265361
1.25664, 2.93878, 0.274517
1.25664, 3.39796, 0.283818
1.25664, 3.85714, 0.292881
1.25664, 4.31633, 0.301387
1.25664, 4.77551, 0.309071
1.25664, 5.23469, 0.315707
1.25664, 5.69388, 0.321014
1.25664, 6.15306, 0.324734
1.25664, 6.61224, 0.326971
1.25664, 7.07143, 0.327997
1.25664, 7.53061, 0.327598
1.25664, 7.9898, 0.298844
1.25664, 8.44898, 0.235882
1.25664, 8.90816, 0.226559
1.41372, -9, 0.440548
1.41372, -8.54082, 0.44886
1.41372, -8.08163, 0.458445
1.41372, -7.62245, 0.470468
1.41372, -7.16327, 0.486595
1.41372, -6.70408, 0.512492
1.41372, -6.2449, 0.579627
1.41372, -5.78571, 0.754355
1.41372, -5.32653, 0.884157
1.41372, -4.86735, 0.895822
1.41372, -4.40816, 0.89321
1.41372, -3.94898, 0.885752
1.41372, -3.4898, 0.872245
1.41372, -3.03061, 0.84968
1.41372, -2.57143, 0.798959
1.41372, -2.11224, 0.516826
1.41372, -1.65306, 0.313108
1.41372, -1.19388, 0.24416
1.41372, -0.734694, 0.211822
1.41372, -0.27551, 0.201198
1.41372, 0.183673, 0.202397
1.41372, 0.642857, 0.207094
1.41372, 1.10204, 0.214482
1.41372, 1.56122, 0.223963
1.41372, 2.02041, 0.234918
1.41372, 2.47959, 0.246807
1.41372, 2.93878, 0.259112
1.41372, 3.39796, 0.271344
1.41372, 3.85714, 0.283082
1.41372, 4.31633, 0.29399
1.41372, 4.77551, 0.303805
1.41372, 5.23469, 0.312332
1.41372, 5.69388, 0.31936
1.41372, 6.15306, 0.324638
1.41372, 6.61224, 0.32816
1.41372, 7.07143, 0.330046
1.41372, 7.53061, 0.330648
1.41372, 7.9898, 0.310732
1.41372, 8.44898, 0.245254
1.41372, 8.90816, 0.22638
1.5708, -9, 0.437942
1.5708, -8.54082, 0.446674
1.5708, -8.08163, 0.45756
1.5708, -7.62245, 0.472016
1.5708, -7.16327, 0.494616
1.5708, -6.70408, 0.550084
1.5708, -6.2449, 0.704023
1.5708, -5.78571, 0.849527
1.5708, -5.32653, 0.870501
1.5708, -4.86735, 0.868502
1.5708, -4.40816, 0.861456
1.5708, -3.94898, 0.848265
1.5708, -3.4898, 0.826548
1.5708, -3.03061, 0.78735
1.5708, -2.57143, 0.599454
1.5708, -2.11224, 0.313502
1.5708, -1.65306, 0.220103
1.5708, -1.19388, 0.176867
1.5708, -0.734694, 0.160993
1.5708, -0.27551, 0.161479
1.5708, 0.183673, 0.166485
1.5708, 0.642857, 0.174826
1.5708, 1.10204, 0.185918
1.5708, 1.56122, 0.199126
1.5708, 2.02041, 0.213802
1.5708, 2.47959, 0.229339
1.5708, 2.93878, 0.245132
1.5708, 3.39796, 0.260625
1.5708, 3.85714, 0.275343
1.5708, 4.31633, 0.288912
1.5708, 4.77551, 0.301063
1.5708, 5.23469, 0.311606
1.5708, 5.69388, 0.320392
1.5708, 6.15306, 0.32727
1.5708, 6.61224, 0.332186
1.5708, 7.07143, 0.335122
1.5708, 7.53061, 0.336318
1.5708, 7.9898, 0.324737
1.5708, 8.44898, 0.26189
1.5708, 8.90816, 0.228915
1.72788, -9, 0.432802
1.72788, -8.54082, 0.442442
1.72788, -8.08163, 0.455113
1.72788, -7.62245, 0.474253
1.72788, -7.16327, 0.517606
1.72788, -6.70408, 0.645554
1.72788, -6.2449, 0.804919
1.72788, -5.78571, 0.842831
1.72788, -5.32653, 0.841832
1.72788, -4.86735, 0.835639
1.72788, -4.40816, 0.823329
1.72788, -3.94898, 0.803044
1.72788, -3.4898, 0.76993
1.72788, -3.03061, 0.671837
1.72788, -2.57143, 0.354354
1.72788, -2.11224, 0.206461
1.72788, -1.65306, 0.145786
1.72788, -1.19388, 0.119627
1.72788, -0.734694, 0.116727
1.72788, -0.27551, 0.121257
1.72788, 0.183673, 0.129829
1.72788, 0.642857, 0.141962
1.72788, 1.10204, 0.157036
1.72788, 1.56122, 0.174343
1.72788, 2.02041, 0.193149
1.72788, 2.47959, 0.212738
1.72788, 2.93878, 0.232416
1.72788, 3.39796, 0.251552
1.72788, 3.85714, 0.269606
1.72788, 4.31633, 0.286154
1.72788, 4.77551, 0.300892
1.72788, 5.23469, 0.313636
1.72788, 5.69388, 0.324282
1.72788, 6.15306, 0.332767
1.72788, 6.61224, 0.339088
1.72788, 7.07143, 0.34319
1.72788, 7.53061, 0.345149
1.72788, 7.9898, 0.33992
1.72788, 8.44898, 0.283763
1.72788, 8.90816, 0.234243
1.88496, -9, 0.425509
1.88496, -8.54082, 0.436352
1.88496, -8.08163, 0.452144
1.88496, -7.62245, 0.484399
1.88496, -7.16327, 0.582425
1.88496, -6.70408, 0.746374
1.88496, -6.2449, 0.811829
1.88496, -5.78571, 0.813301
1.88496, -5.32653, 0.80838
1.88496, -4.86735, 0.797481
1.88496, -4.40816, 0.779138
1.88496, -3.94898, 0.750296
1.88496, -3.4898, 0.696727
1.88496, -3.03061, 0.468467
1.88496, -2.57143, 0.214585
1.88496, -2.11224, 0.12448
1.88496, -1.65306, 0.0813947
1.88496, -1.19388, 0.0686489
1.88496, -0.734694, 0.0715562
1.88496, -0.27551, 0.0792942
1.88496, 0.183673, 0.091516
1.88496, 0.642857, 0.107719
1.88496, 1.10204, 0.127202
1.88496, 1.56122, 0.149132
1.88496, 2.02041, 0.172624
1.88496, 2.47959, 0.196806
1.88496, 2.93878, 0.220866
1.88496, 3.39796, 0.244082
1.88496, 3.85714, 0.265853
1.88496, 4.31633, 0.28571
1.88496, 4.77551, 0.303318
1.88496, 5.23469, 0.318478
1.88496, 5.69388, 0.33112
1.88496, 6.15306, 0.341266
1.88496, 6.61224, 0.348952
1.88496, 7.07143, 0.354225
1.88496, 7.53061, 0.357077
1.88496, 7.9898, 0.355892
1.88496, 8.44898, 0.308578
1.88496, 8.90816, 0.242534
2.04204, -9, 0.416216
2.04204, -8.54082, 0.428951
2.04204, -8.08163, 0.45216
2.04204, -7.62245, 0.520167
2.04204, -7.16327, 0.671613
2.04204, -6.70408, 0.773588
2.04204, -6.2449, 0.782953
2.04204, -5.78571, 0.779669
2.04204, -5.32653, 0.770644
2.04204, -4.86735, 0.754694
2.04204, -4.40816, 0.729753
2.04204, -3.94898, 0.690694
2.04204, -3.4898, 0.589003
2.04204, -3.03061, 0.283026
2.04204, -2.57143, 0.122462
2.04204, -2.11224, 0.0538402
2.04204, -1.65306, 0.0221676
2.04204, -1.19388, 0.0180518
2.04204, -0.734694, 0.0233775
2.04204, -0.27551, 0.0341857
2.04204, 0.183673, 0.0502181
2.04204, 0.642857, 0.0709351
2.04204, 1.10204, 0.0954847
2.04204, 1.56122, 0.122811
2.04204, 2.02041, 0.151785
2.04204, 2.47959, 0.181315
2.04204, 2.93878, 0.210422
2.04204, 3.39796, 0.238272
2.04204, 3.85714, 0.264197
2.04204, 4.31633, 0.287698
2.04204, 4.77551, 0.308436
2.04204, 5.23469, 0.326214
2.04204, 5.69388, 0.340981
2.04204, 6.15306, 0.35285
2.04204, 6.61224, 0.361891
2.04204, 7.07143, 0.368237
2.04204, 7.53061, 0.371995
2.04204, 7.9898, 0.372898
2.04204, 8.44898, 0.334802
2.04204, 8.90816, 0.254788
2.19911, -9, 0.405212
2.19911, -8.54082, 0.421715
2.19911, -8.08163, 0.464495
2.19911, -7.62245, 0.584524
2.19911, -7.16327, 0.719765
2.19911, -6.70408, 0.750813
2.19911, -6.2449, 0.749453
2.19911, -5.78571, 0.742659
2.19911, -5.32653, 0.729468
2.19911, -4.86735, 0.708399
2.19911, -4.40816, 0.676648
2.19911, -3.94898, 0.624954
2.19911, -3.4898, 0.451217
2.19911, -3.03061, 0.163036
2.19911, -2.57143, 0.0475506
2.19911, -2.11224, -0.0106224
2.19911, -1.65306, -0.0361546
2.19911, -1.19388, -0.0375383
2.19911, -0.734694, -0.0308206
2.19911, -0.27551, -0.0175103
2.19911, 0.183673, 0.00246716
2.19911, 0.642857, 0.0286321
2.19911, 1.10204, 0.0596836
2.19911, 1.56122, 0.0939199
2.19911, 2.02041, 0.129736
2.19911, 2.47959, 0.165773
2.19911, 2.93878, 0.200877
2.19911, 3.39796, 0.234106
2.19911, 3.85714, 0.26474
2.19911, 4.31633, 0.292278
2.19911, 4.77551, 0.316408
2.19911, 5.23469, 0.336979
2.19911, 5.69388, 0.353978
2.19911, 6.15306, 0.367595
2.19911, 6.61224, 0.377969
2.19911, 7.07143, 0.38529
2.19911, 7.53061, 0.38981
2.19911, 7.9898, 0.391593
2.19911, 8.44898, 0.361431
2.19911, 8.90816, 0.273124
2.35619, -9, 0.393148
2.35619, -8.54082, 0.418449
2.35619, -8.08163, 0.497328
2.35619, -7.62245, 0.641131
2.35619, -7.16327, 0.714218
2.35619, -6.70408, 0.71769
2.35619, -6.2449, 0.713363
2.35619, -5.78571, 0.703175
2.35619, -5.32653, 0.686008
2.35619, -4.86735, 0.660106
2.35619, -4.40816, 0.621897
2.35619, -3.94898, 0.555195
2.35619, -3.4898, 0.324715
2.35619, -3.03061, 0.0808473
2.35619, -2.57143, -0.0173565
2.35619, -2.11224, -0.071686
2.35619, -1.65306, -0.0980648
2.35619, -1.19388, -0.106862
2.35619, -0.734694, -0.10403
2.35619, -0.27551, -0.0920756
2.35619, 0.183673, -0.068975
2.35619, 0.642857, -0.0342585
2.35619, 1.10204, 0.00930774
2.35619, 1.56122, 0.0568059
2.35619, 2.02041, 0.10401
2.35619, 2.47959, 0.149177
2.35619, 2.93878, 0.191862
2.35619, 3.39796, 0.231526
2.35619, 3.85714, 0.267579
2.35619, 4.31633, 0.299606
2.35619, 4.77551, 0.327396
2.35619, 5.23469, 0.350897
2.35619, 5.69388, 0.3702
2.35619, 6.15306, 0.385562
2.35619, 6.61224, 0.397197
2.35619, 7.07143, 0.405391
2.35619, 7.53061, 0.410464
2.35619, 7.9898, 0.412695
2.35619, 8.44898, 0.387855
2.35619, 8.90816, 0.296731
2.51327, -9, 0.381262
2.51327, -8.54082, 0.424382
2.51327, -8.08163, 0.540318
2.51327, -7.62245, 0.65994
2.51327, -7.16327, 0.684384
2.51327, -6.70408, 0.682633
2.51327, -6.2449, 0.675569
2.51327, -5.78571, 0.662304
2.51327, -5.32653, 0.641622
2.51327, -4.86735, 0.611573
2.51327, -4.40816, 0.568041
2.51327, -3.94898, 0.488637
2.51327, -3.4898, 0.234464
2.51327, -3.03061, 0.0190837
2.51327, -2.57143, -0.0740107
2.51327, -2.11224, -0.129873
2.51327, -1.65306, -0.164237
2.51327, -1.19388, -0.193606
2.51327, -0.734694, -0.224812
2.51327, -0.27551, -0.226586
2.51327, 0.183673, -0.204097
2.51327, 0.642857, -0.15994
2.51327, 1.10204, -0.0951216
2.51327, 1.56122, -0.016588
2.51327, 2.02041, 0.0615226
2.51327, 2.47959, 0.127733
2.51327, 2.93878, 0.182565
2.51327, 3.39796, 0.230467
2.51327, 3.85714, 0.272883
2.51327, 4.31633, 0.309917
2.51327, 4.77551, 0.341613
2.51327, 5.23469, 0.36812
2.51327, 5.69388, 0.389701
2.51327, 6.15306, 0.406748
2.51327, 6.61224, 0.419529
2.51327, 7.07143, 0.428444
2.51327, 7.53061, 0.433899
2.51327, 7.9898, 0.43631
2.51327, 8.44898, 0.413694
2.51327, 8.90816, 0.320547
2.67035, -9, 0.371401
2.67035, -8.54082, 0.440061
2.67035, -8.08163, 0.57146
2.67035, -7.62245, 0.646044
2.67035, -7.16327, 0.650429
2.67035, -6.70408, 0.646482
2.67035, -6.2449, 0.637039
2.67035, -5.78571, 0.621194
2.67035, -5.32653, 0.597712
2.67035, -4.86735, 0.564566
2.67035, -4.40816, 0.517605
2.67035, -3.94898, 0.434172
2.67035, -3.4898, 0.183337
2.67035, -3.03061, -0.0264007
2.67035, -2.57143, -0.121387
2.67035, -2.11224, -0.182642
2.67035, -1.65306, -0.227441
2.67035, -1.19388, -0.275936
2.67035, -0.734694, -0.345381
2.67035, -0.27551, -0.375416
2.67035, 0.183673, -0.352494
2.67035, 0.642857, -0.31163
2.67035, 1.10204, -0.24906
2.67035, 1.56122, -0.157537
2.67035, 2.02041, -0.0378318
2.67035, 2.47959, 0.0816709
2.67035, 2.93878, 0.169036
2.67035, 3.39796, 0.230651
2.67035, 3.85714, 0.280902
2.67035, 4.31633, 0.323523
2.67035, 4.77551, 0.359321
2.67035, 5.23469, 0.38882
2.67035, 5.69388, 0.412553
2.67035, 6.15306, 0.431113
2.67035, 6.61224, 0.444872
2.67035, 7.07143, 0.4543
2.67035, 7.53061, 0.459935
2.67035, 7.9898, 0.462252
2.67035, 8.44898, 0.43848
2.67035, 8.90816, 0.341664
2.82743, -9, 0.364875
2.82743, -8.54082, 0.458269
2.82743, -8.08163, 0.579704
2.82743, -7.62245, 0.616734
2.82743, -7.16327, 0.615802
2.82743, -6.70408, 0.610021
2.82743, -6.2449, 0.598677
2.82743, -5.78571, 0.580893
2.82743, -5.32653, 0.555495
2.82743, -4.86735, 0.520541
2.82743, -4.40816, 0.472334
2.82743, -3.94898, 0.393826
2.82743, -3.4898, 0.171325
2.82743, -3.03061, -0.0529072
2.82743, -2.57143, -0.156256
2.82743, -2.11224, -0.225038
2.82743, -1.65306, -0.278605
2.82743, -1.19388, -0.335091
2.82743, -0.734694, -0.409422
2.82743, -0.27551, -0.460369
2.82743, 0.183673, -0.432998
2.82743, 0.642857, -0.394511
2.82743, 1.10204, -0.34414
2.82743, 1.56122, -0.276402
2.82743, 2.02041, -0.175198
2.82743, 2.47959, -0.0235055
2.82743, 2.93878, 0.132955
2.82743, 3.39796, 0.23022
2.82743, 3.85714, 0.291979
2.82743, 4.31633, 0.340872
2.82743, 4.77551, 0.380855
2.82743, 5.23469, 0.413191
2.82743, 5.69388, 0.438817
2.82743, 6.15306, 0.458597
2.82743, 6.61224, 0.473068
2.82743, 7.07143, 0.482747
2.82743, 7.53061, 0.488301
2.82743, 7.9898, 0.490297
2.82743, 8.44898, 0.461446
2.82743, 8.90816, 0.358583
2.98451, -9, 0.36083
2.98451, -8.54082, 0.470058
2.98451, -8.08163, 0.568459
2.98451, -7.62245, 0.583708
2.98451, -7.16327, 0.581224
2.98451, -6.70408, 0.574035
2.98451, -6.2449, 0.561343
2.98451, -5.78571, 0.542336
2.98451, -5.32653, 0.515972
2.98451, -4.86735, 0.48053
2.98451, -4.40816, 0.433063
2.98451, -3.94898, 0.363721
2.98451, -3.4898, 0.193019
2.98451, -3.03061, -0.0504544
2.98451, -2.57143, -0.173861
2.98451, -2.11224, -0.251622
2.98451, -1.65306, -0.312348
2.98451, -1.19388, -0.369117
2.98451, -0.734694, -0.432254
2.98451, -0.27551, -0.500644
2.98451, 0.183673, -0.475321
2.98451, 0.642857, -0.432961
2.98451, 1.10204, -0.383337
2.98451, 1.56122, -0.324813
2.98451, 2.02041, -0.250764
2.98451, 2.47959, -0.137956
2.98451, 2.93878, 0.0492008
2.98451, 3.39796, 0.220498
2.98451, 3.85714, 0.306373
2.98451, 4.31633, 0.362545
2.98451, 4.77551, 0.406603
2.98451, 5.23469, 0.441413
2.98451, 5.69388, 0.468511
2.98451, 6.15306, 0.489087
2.98451, 6.61224, 0.503878
2.98451, 7.07143, 0.513492
2.98451, 7.53061, 0.518658
2.98451, 7.9898, 0.519918
2.98451, 8.44898, 0.480727
2.98451, 8.90816, 0.370162
3.14159, -9, 0.356522
3.14159, -8.54082, 0.471076
3.14159, -8.08163, 0.545866
3.14159, -7.62245, 0.550975
3.14159, -7.16327, 0.547373
3.14159, -6.70408, 0.539234
3.14159, -6.2449, 0.525762
3.14159, -5.78571, 0.506249
3.14159, -5.32653, 0.479824
3.14159, -4.86735, 0.445064
3.14159, -4.40816, 0.399828
3.14159, -3.94898, 0.339265
3.14159, -3.4898, 0.225497
3.14159, -3.03061, 0.000162028
3.14159, -2.57143, -0.165571
3.14159, -2.11224, -0.257046
3.14159, -1.65306, -0.324836
3.14159, -1.19388, -0.382386
3.14159, -0.734694, -0.436533
3.14159, -0.27551, -0.488516
3.14159, 0.183673, -0.4983
3.14159, 0.642857, -0.447189
3.14159, 1.10204, -0.393345
3.14159, 1.56122, -0.336896
3.14159, 2.02041, -0.27187
3.14159, 2.47959, -0.187212
3.14159, 2.93878, -0.0426461
3.14159, 3.39796, 0.187088
3.14159, 3.85714, 0.323627
3.14159, 4.31633, 0.389235
3.14159, 4.77551, 0.43694
3.14159, 5.23469, 0.473597
3.14159, 5.69388, 0.501551
3.14159, 6.15306, 0.522367
3.14159, 6.61224, 0.536987
3.14159, 7.07143, 0.546139
3.14159, 7.53061, 0.550577
3.14159, 7.9898, 0.5497
3.14159, 8.44898, 0.493291
3.14159, 8.90816, 0.37604


